{"is_source_file": false, "format": "", "description": "", "external_files": [], "external_methods": [], "published": [], "classes": [], "methods": [], "calls": [], "search-terms": [], "state": 2, "file_id": 8, "knowledge_revision": 17, "git_revision": "a3a1eeee6a53655abd77e913fcdecfc467d01855", "hash": "6b1ca40527035c81aed74c6e6789bc77", "format-version": 4, "code-base-name": "database", "filename": "database/database_backup.sql", "revision_history": [{"17": "a3a1eeee6a53655abd77e913fcdecfc467d01855"}]}