{"is_source_file": false, "format": "", "description": "", "external_files": [], "external_methods": [], "published": [], "classes": [], "methods": [], "calls": [], "search-terms": [], "state": 2, "file_id": 3, "knowledge_revision": 9, "git_revision": "ba2703f4588dc623e551e39b45df72a232a27531", "hash": "0c9f36dfd1a6dee9fa952c06ab7d9563", "format-version": 4, "code-base-name": "database", "filename": "database/db_visualizer/package.json", "revision_history": [{"9": "ba2703f4588dc623e551e39b45df72a232a27531"}]}