{"is_source_file": true, "format": "bash", "description": "This is a shell script for setting up and managing a PostgreSQL database instance, including initialization, starting/stopping the server, creating a database and user, and configuring permissions.", "external_files": ["/usr/lib/postgresql/${PG_VERSION}/bin/pg_isready", "/usr/lib/postgresql/${PG_VERSION}/bin/psql", "/usr/lib/postgresql/${PG_VERSION}/bin/initdb", "/usr/lib/postgresql/${PG_VERSION}/bin/postgres", "/var/lib/postgresql/data", "db_connection.txt", "db_visualizer/postgres.env"], "external_methods": ["ls", "sudo -u postgres ${PG_BIN}/pg_isready", "sudo -u postgres ${PG_BIN}/psql", "sudo -u postgres ${PG_BIN}/initdb", "sudo -u postgres ${PG_BIN}/postgres", "pgrep -f", "sleep", "sudo -u postgres ${PG_BIN}/createdb", "cat", "echo"], "published": [], "classes": [], "methods": [], "calls": ["/usr/lib/postgresql/${PG_VERSION}/bin/pg_isready", "/usr/lib/postgresql/${PG_VERSION}/bin/psql", "/usr/lib/postgresql/${PG_VERSION}/bin/initdb", "/usr/lib/postgresql/${PG_VERSION}/bin/postgres", "pgrep", "sleep", "/usr/lib/postgresql/${PG_VERSION}/bin/createdb"], "search-terms": ["PostgreSQL setup script", "database initialization", "pg_isready", "createdb", "permissions setup", "start PostgreSQL server", "psql commands", "bash database script"], "state": 2, "file_id": 6, "knowledge_revision": 13, "git_revision": "ba2703f4588dc623e551e39b45df72a232a27531", "hash": "fa2aa67ea0a7c72f7c0958282f15a864", "format-version": 4, "code-base-name": "database", "filename": "database/startup.sh", "revision_history": [{"13": "ba2703f4588dc623e551e39b45df72a232a27531"}]}