{"is_source_file": true, "format": "bash", "description": "A shell script to detect and restore database backups for SQLite, PostgreSQL, MySQL, and MongoDB.", "external_files": ["/usr/lib/postgresql/", "/usr/lib/postgresql/${PG_VERSION}/bin", "/var/run/mysqld/mysqld.sock"], "external_methods": ["pg_isready", "psql", "mysqladmin", "mysql", "mongosh", "mongorestore"], "published": [], "classes": [], "methods": [], "calls": ["ls", "sudo -u postgres pg_isready", "psql", "mysqladmin ping", "mysql", "mongosh --port ${DB_PORT} --eval", "mongorestore --port ${DB_PORT} --archive=database_backup.archive --drop --quiet"], "search-terms": ["restore_db.sh", "database restore script", "SQLite restore", "PostgreSQL restore", "MySQL restore", "MongoDB restore", "backup detection", "database backup"], "state": 2, "file_id": 5, "knowledge_revision": 11, "git_revision": "ba2703f4588dc623e551e39b45df72a232a27531", "hash": "67505395c0df4c9c001ab8f47571f3fb", "format-version": 4, "code-base-name": "database", "filename": "database/restore_db.sh", "revision_history": [{"11": "ba2703f4588dc623e551e39b45df72a232a27531"}]}