{"is_source_file": true, "format": "bash", "description": "A shell script that detects the running database type (SQLite, PostgreSQL, MySQL, MongoDB) and performs backups accordingly. It handles different database types and connection methods, and provides status messages for each operation.", "external_files": ["/usr/lib/postgresql/", "/var/run/mysqld/mysqld.sock", "mysqldump", "mysqladmin", "mongosh", "mongodump"], "external_methods": ["pg_isready", "mysqladmin", "mysql", "mysqldump", "mongosh", "mongodump"], "published": [], "classes": [], "methods": [], "calls": ["ls", "cp", "sudo -u postgres pg_isready", "pg_dump", "mysqladmin ping", "mysql", "mysqldump", "mongo", "mongosh", "mongodump"], "search-terms": ["backup_db.sh", "database backup script", "detect database", "SQLite backup", "PostgreSQL backup", "MySQL backup", "MongoDB backup", "DB_NAME", "DB_USER", "DB_PASSWORD", "DB_PORT"], "state": 2, "file_id": 4, "knowledge_revision": 12, "git_revision": "ba2703f4588dc623e551e39b45df72a232a27531", "hash": "7af9aa35fa4940f934d83f6e2621b732", "format-version": 4, "code-base-name": "database", "filename": "database/backup_db.sh", "revision_history": [{"12": "ba2703f4588dc623e551e39b45df72a232a27531"}]}