{"is_source_file": true, "format": "HTML", "description": "A frontend HTML file implementing a database visualizer interface with styled components, dynamic data fetching via JavaScript, and interactive UI elements for selecting databases and viewing table data.", "external_files": [], "external_methods": ["fetch", "JSON.stringify", "JSON.parse"], "published": [], "classes": [], "methods": [{"name": "loadDatabases", "description": "Fetches the list of databases from the server and populates the sidebar."}, {"name": "refreshDatabases", "description": "Refreshes the list of databases and resets the UI state."}, {"name": "toggleDatabase", "description": "Handles expanding/collapsing database entries and loading their table lists."}, {"name": "loadTables", "description": "Loads tables for the selected database and renders them."}, {"name": "loadTableData", "description": "Fetches and displays data for a selected table."}, {"name": "renderTable", "description": "Renders data rows into an HTML table."}, {"name": "renderCell", "description": "Renders individual cell content, handling objects, nulls, and long strings."}, {"name": "expandCell", "description": "Expands or collapses cell content for wide or object data."}], "calls": ["fetchData('/api/databases')", "fetchData('/api/' + db + '/tables')", "fetchData('/api/' + db + '/tables/' + tableName + '/data?limit=50')", "JSON.stringify(value)", "JSON.parse(fullContent)"], "search-terms": ["HTML database viewer", "interactive table UI", "JavaScript fetch API", "dynamic table rendering", "expandable JSON cells", "SQL database browsing", "frontend data visualization"], "state": 2, "file_id": 1, "knowledge_revision": 14, "git_revision": "ba2703f4588dc623e551e39b45df72a232a27531", "hash": "ee63333a4841bf025439c755a74c9881", "format-version": 4, "code-base-name": "database", "filename": "database/db_visualizer/public/index.html", "revision_history": [{"14": "ba2703f4588dc623e551e39b45df72a232a27531"}]}